{
  "eye": {
    "orientation": [
      0.03269454464316368,
      -0.9085143208503723,
      0.4102316200733185,
      0.07240764796733856
    ],
    "magnitude": 1,
    "position": [
      -92.8863525390625,
      -665.23486328125,
      -579.0424194335938
    ]
  },
  "radius": 512,
  "type": "ORTHOGRAPHIC"
}